Buy/Sell,Symbol,CUSIP,Type,Description,"Trade Date","Unit Price",Quantity,"Total Cost","Short Term Gain/Loss","Long Term Gain/Loss","Disallowed Loss",LRM,"Long/Short Position","1256 Contract","Market Discount","Wash Sale"
BUY,AAPL,037833100,Stock,"APPLE INC  ",12/04/2019,65.3835,0.85572,55.95,0,55.1823564,0,,LONG,No,0,
BUY,AAPL,037833100,Stock,"APPLE INC  ",12/12/2019,68.4211,0.0076,0.52,0,0.467012,0,,LONG,No,0,
BUY,AAPL,037833100,Stock,"APPLE INC  ",12/16/2019,69.9850,0.02672,1.87,0,1.6001264,0,,LONG,No,0,
BUY,AAPL,037833100,Stock,"APPLE INC  ",04/17/2020,70.6175,0.70804,50,41.9531548,0,0,,LONG,No,0,
BUY,ABBV,00287Y109,Stock,"ABBVIE INC  ",12/04/2019,86.2704,0.95247,82.17,0,17.8488747,0,,LONG,No,0,
BUY,ABBV,00287Y109,Stock,"ABBVIE INC  ",12/17/2019,89.5855,0.16141,14.46,0,2.4896641,0,,LONG,No,0,
BUY,ABBV,00287Y109,Stock,"ABBVIE INC  ",04/29/2020,82.7059,0.085,7.03,1.89585,0,0,,LONG,No,0,
BUY,AFL,001055102,Stock,"AFLAC INC  ",04/20/2020,36.2707,0.55141,20,6.5117928,0,0,,LONG,No,0,
BUY,AFL,001055102,Stock,"AFLAC INC  ",04/22/2020,35.2203,0.3586,12.63,4.611488,0,0,,LONG,No,0,
BUY,AFL,001055102,Stock,"AFLAC INC  ",04/29/2020,38.5414,0.17332,6.68,1.6532256,0,0,,LONG,No,0,
BUY,AFL,001055102,Stock,"AFLAC INC  ",05/04/2020,35.7207,0.27995,10,3.459996,0,0,,LONG,No,0,
BUY,AFL,001055102,Stock,"AFLAC INC  ",07/02/2020,36.3902,0.33553,12.21,3.9222824,0,0,,LONG,No,0,
BUY,AFL,001055102,Stock,"AFLAC INC  ",07/15/2020,36.2627,0.12244,4.44,1.4469152,0,0,,LONG,No,0,
BUY,AFL,001055102,Stock,"AFLAC INC  ",08/06/2020,35.2308,0.39596,13.95,5.0877568,0,0,,LONG,No,0,
BUY,AFL,001055102,Stock,"AFLAC INC  ",08/12/2020,38.4797,0.10577,4.07,1.0154216,0,0,,LONG,No,0,
BUY,AFL,001055102,Stock,"AFLAC INC  ",12/24/2020,43.5902,0.37692,16.43,1.6923136,0,0,,LONG,No,0,
BUY,ALK,011659109,Stock,"ALASKA AIR GROUP INC  ",03/06/2020,46.9008,0.53304,25,8.1977312,0,0,,LONG,No,0,
BUY,ALK,011659109,Stock,"ALASKA AIR GROUP INC  ",03/11/2020,45.2706,0.26441,11.97,4.4974548,0,0,,LONG,No,0,
BUY,ALK,011659109,Stock,"ALASKA AIR GROUP INC  ",03/27/2020,31.5318,0.16523,5.21,5.0805244,0,0,,LONG,No,0,
BUY,ALK,011659109,Stock,"ALASKA AIR GROUP INC  ",04/13/2020,30.0643,0.49893,15,16.0733604,0,0,,LONG,No,0,
BUY,ALK,011659109,Stock,"ALASKA AIR GROUP INC  ",04/14/2020,31.7919,0.05882,1.87,1.7933096,0,0,,LONG,No,0,
BUY,ALK,011659109,Stock,"ALASKA AIR GROUP INC  ",04/16/2020,27.6829,0.08489,2.35,2.9369492,0,0,,LONG,No,0,
BUY,ALK,011659109,Stock,"ALASKA AIR GROUP INC  ",05/04/2020,28.5984,0.34967,10,11.7774476,0,0,,LONG,No,0,
BUY,AMD,007903107,Stock,"ADVANCED MICRO DEVICES INC COM ",11/19/2020,82.2699,0.27191,22.37,1.9876978,0,0,,LONG,No,0,
BUY,AMD,007903107,Stock,"ADVANCED MICRO DEVICES INC COM ",12/24/2020,91.7346,0.19491,17.88,-0.4199622,0,0,,LONG,No,0,
BUY,AMZN,023135106,Stock,"AMAZON.COM INC  ",12/04/2019,1784.0324,0.05436,96.98,0,79.684564,0,,LONG,No,0,
BUY,AMZN,023135106,Stock,"AMAZON.COM INC  ",12/17/2019,1785.0467,0.00107,1.91,0,1.567393,0,,LONG,No,0,
BUY,BABA,01609W102,Stock,"***ALIBABA GROUP HOLDING LTD SPONSORED ADR ",01/13/2021,227.9289,0.32905,75,11.7342895,0,0,,LONG,No,0,
BUY,BAC,060505104,Stock,"BANK OF AMERICA CORP  ",12/04/2019,33.1401,1.30929,43.39,0,1.8328766,0,,LONG,No,0,
BUY,BAC,060505104,Stock,"BANK OF AMERICA CORP  ",03/27/2020,21.7014,0.10368,2.25,1.3311072,0,0,,LONG,No,0,
BUY,BAC,060505104,Stock,"BANK OF AMERICA CORP  ",04/01/2020,20.2901,0.10547,2.14,1.5029338,0,0,,LONG,No,0,
BUY,BAC,060505104,Stock,"BANK OF AMERICA CORP  ",04/06/2020,21.3313,0.09329,1.99,1.2322366,0,0,,LONG,No,0,
BUY,BAC,060505104,Stock,"BANK OF AMERICA CORP  ",04/16/2020,21.3502,0.34379,7.34,4.5345066,0,0,,LONG,No,0,
BUY,BAC,060505104,Stock,"BANK OF AMERICA CORP  ",04/29/2020,24.6412,0.15259,3.76,1.5104586,0,0,,LONG,No,0,
BUY,BAC,060505104,Stock,"BANK OF AMERICA CORP  ",07/02/2020,23.9002,0.87405,20.89,9.299687,0,0,,LONG,No,0,
BUY,BAC,060505104,Stock,"BANK OF AMERICA CORP  ",07/15/2020,24.6525,0.09208,2.27,0.9104432,0,0,,LONG,No,0,
BUY,BAC,060505104,Stock,"BANK OF AMERICA CORP  ",08/06/2020,25.3102,0.4836,12.24,4.463544,0,0,,LONG,No,0,
BUY,BAC,060505104,Stock,"BANK OF AMERICA CORP  ",08/12/2020,27.4980,0.46367,12.75,3.2651618,0,0,,LONG,No,0,
BUY,BAC,060505104,Stock,"BANK OF AMERICA CORP  ",12/24/2020,29.8396,0.79324,23.67,3.7285096,0,0,,LONG,No,0,
BUY,BIV,921937819,Stock,"VANGUARD INTERMEDIATE TERM BOND ETF ",08/27/2020,93.5708,0.82825,77.5,-2.1375325,0,0,,LONG,No,0,
BUY,BIV,921937819,Stock,"VANGUARD INTERMEDIATE TERM BOND ETF ",11/05/2020,93.4320,0.01081,1.01,-0.0263981,0,0,,LONG,No,0,
BUY,BIV,921937819,Stock,"VANGUARD INTERMEDIATE TERM BOND ETF ",11/09/2020,92.9195,0.04929,4.58,-0.0951029,0,0,,LONG,No,0,
BUY,BIV,921937819,Stock,"VANGUARD INTERMEDIATE TERM BOND ETF ",01/07/2021,92.1605,0.05957,5.49,-0.0697257,0,0,,LONG,No,0,
BUY,BIV,921937819,Stock,"VANGUARD INTERMEDIATE TERM BOND ETF ",01/19/2021,92.0442,0.06247,5.75,-0.0658547,0,0,,LONG,No,0,
BUY,BIV,921937819,Stock,"VANGUARD INTERMEDIATE TERM BOND ETF ",01/21/2021,92.0780,0.02411,2.22,-0.0262311,0,0,,LONG,No,0,
BUY,BLV,921937793,Stock,"VANGUARD LONG TERM BOND ETF  ",08/27/2020,112.7002,1.37533,155,-14.6750801,0,0,,LONG,No,0,
BUY,BLV,921937793,Stock,"VANGUARD LONG TERM BOND ETF  ",11/05/2020,112.6690,0.01997,2.25,-0.2124609,0,0,,LONG,No,0,
BUY,BLV,921937793,Stock,"VANGUARD LONG TERM BOND ETF  ",11/09/2020,110.7352,0.09753,10.8,-0.8490141,0,0,,LONG,No,0,
BUY,BLV,921937793,Stock,"VANGUARD LONG TERM BOND ETF  ",01/07/2021,106.3634,0.15212,16.18,-0.6591964,0,0,,LONG,No,0,
BUY,BLV,921937793,Stock,"VANGUARD LONG TERM BOND ETF  ",01/19/2021,106.6838,0.10114,10.79,-0.4706858,0,0,,LONG,No,0,
BUY,BLV,921937793,Stock,"VANGUARD LONG TERM BOND ETF  ",01/21/2021,106.4509,0.04387,4.67,-0.1939439,0,0,,LONG,No,0,
BUY,BNDW,92206C565,Stock,"VANGUARD SCOTTSDALE FDS VANGUARD TOTAL WORLD BOND ETF ",01/19/2021,81.6384,0.28467,23.24,-0.3468386,0,0,,LONG,No,0,
BUY,BNDW,92206C565,Stock,"VANGUARD SCOTTSDALE FDS VANGUARD TOTAL WORLD BOND ETF ",01/25/2021,81.6956,0.02595,2.12,-0.033101,0,0,,LONG,No,0,
BUY,BNDW,92206C565,Stock,"VANGUARD SCOTTSDALE FDS VANGUARD TOTAL WORLD BOND ETF ",02/04/2021,81.2918,0.16164,13.14,-0.1409112,0,0,,LONG,No,0,
BUY,BNDX,92203J407,Stock,"VANGUARD TOTAL INTERNATIONAL BOND ETF ",01/19/2021,58.2851,0.55829,32.54,-0.5053198,0,0,,LONG,No,0,
BUY,BNDX,92203J407,Stock,"VANGUARD TOTAL INTERNATIONAL BOND ETF ",02/04/2021,58.0297,0.10374,6.02,-0.0673988,0,0,,LONG,No,0,
BUY,BRKB,084670702,Stock,"BERKSHIRE HATHAWAY INC DEL CL B ",12/04/2019,218.4795,0.20217,44.17,0,4.7248145,0,,LONG,No,0,
BUY,BRKB,084670702,Stock,"BERKSHIRE HATHAWAY INC DEL CL B ",04/13/2020,188.5014,0.05305,10,2.8301425,0,0,,LONG,No,0,
BUY,BRKB,084670702,Stock,"BERKSHIRE HATHAWAY INC DEL CL B ",07/14/2020,185.6722,0.30193,56.06,16.9617705,0,0,,LONG,No,0,
BUY,BRX,11120U105,Stock,"BRIXMOR PROPERTY GROUP INC  ",04/13/2020,10.6900,1.8709,20,16.576095,0,0,,LONG,No,0,
BUY,BRX,11120U105,Stock,"BRIXMOR PROPERTY GROUP INC  ",04/16/2020,9.3201,1.30364,12.15,13.336162,0,0,,LONG,No,0,
BUY,BRX,11120U105,Stock,"BRIXMOR PROPERTY GROUP INC  ",04/17/2020,9.5000,1.05263,10,10.5789165,0,0,,LONG,No,0,
BUY,BRX,11120U105,Stock,"BRIXMOR PROPERTY GROUP INC  ",04/20/2020,8.7600,2.2831,20,24.634605,0,0,,LONG,No,0,
BUY,BRX,11120U105,Stock,"BRIXMOR PROPERTY GROUP INC  ",04/21/2020,8.8201,1.13378,10,12.165399,0,0,,LONG,No,0,
BUY,BRX,11120U105,Stock,"BRIXMOR PROPERTY GROUP INC  ",04/22/2020,8.7800,1.13895,10,12.2664725,0,0,,LONG,No,0,
BUY,BRX,11120U105,Stock,"BRIXMOR PROPERTY GROUP INC  ",05/04/2020,10.8001,0.92592,10,8.101736,0,0,,LONG,No,0,
BUY,BRX,11120U105,Stock,"BRIXMOR PROPERTY GROUP INC  ",10/05/2020,12.4582,0.38288,4.77,2.715304,0,0,,LONG,No,0,
BUY,BSV,921937827,Stock,"VANGUARD SHORT TERM BOND ETF  ",08/27/2020,83.1206,0.93238,77.5,-0.4294692,0,0,,LONG,No,0,
BUY,BSV,921937827,Stock,"VANGUARD SHORT TERM BOND ETF  ",11/05/2020,82.9016,0.01351,1.12,-0.0032634,0,0,,LONG,No,0,
BUY,BSV,921937827,Stock,"VANGUARD SHORT TERM BOND ETF  ",11/09/2020,82.7821,0.05291,4.38,-0.0064594,0,0,,LONG,No,0,
BUY,BSV,921937827,Stock,"VANGUARD SHORT TERM BOND ETF  ",01/07/2021,82.7502,0.05716,4.73,-0.0051544,0,0,,LONG,No,0,
BUY,BSV,921937827,Stock,"VANGUARD SHORT TERM BOND ETF  ",01/19/2021,82.7454,0.06804,5.63,-0.0058136,0,0,,LONG,No,0,
BUY,BSV,921937827,Stock,"VANGUARD SHORT TERM BOND ETF  ",01/21/2021,82.7765,0.02694,2.23,-0.0031396,0,0,,LONG,No,0,
BUY,CAT,149123101,Stock,"CATERPILLAR INC  ",12/04/2019,141.9810,0.56416,80.1,0,38.3228256,0,,LONG,No,0,
BUY,CAT,149123101,Stock,"CATERPILLAR INC  ",12/17/2019,146.3558,0.08493,12.43,0,5.3976563,0,,LONG,No,0,
BUY,CAT,149123101,Stock,"CATERPILLAR INC  ",03/06/2020,121.2522,0.04536,5.5,4.0215176,0,0,,LONG,No,0,
BUY,CCL,143658300,Stock,"***CARNIVAL CORP COMMON PAIRED STOCK ",04/13/2020,11.3900,1.31694,15,17.3835546,0,0,,LONG,No,0,
BUY,CCL,143658300,Stock,"***CARNIVAL CORP COMMON PAIRED STOCK ",04/14/2020,12.8833,0.03881,0.5,0.4543379,0,0,,LONG,No,0,
BUY,CCL,143658300,Stock,"***CARNIVAL CORP COMMON PAIRED STOCK ",04/16/2020,11.5700,0.29127,3.37,3.7923293,0,0,,LONG,No,0,
BUY,COST,22160K105,Stock,"COSTCO WHOLESALE CORP-NEW  ",12/04/2019,295.8019,0.0929,27.48,0,5.478133,0,,LONG,No,0,
BUY,COST,22160K105,Stock,"COSTCO WHOLESALE CORP-NEW  ",12/17/2019,294.2387,0.01458,4.29,0,0.8825466,0,,LONG,No,0,
BUY,DAL,247361702,Stock,"DELTA AIR LINES INC DEL COM ",03/06/2020,46.7002,0.53533,25,-0.5514789,0,0,,LONG,No,0,
BUY,DAL,247361702,Stock,"DELTA AIR LINES INC DEL COM ",03/11/2020,42.4154,0.3072,13.03,0.999824,0,0,,LONG,No,0,
BUY,DAL,247361702,Stock,"DELTA AIR LINES INC DEL COM ",03/27/2020,30.5803,0.15631,4.78,2.3586777,0,0,,LONG,No,0,
BUY,DAL,247361702,Stock,"DELTA AIR LINES INC DEL COM ",04/13/2020,22.5798,0.66431,15,15.3390377,0,0,,LONG,No,0,
BUY,DAL,247361702,Stock,"DELTA AIR LINES INC DEL COM ",04/14/2020,25.0000,0.0532,1.33,1.099644,0,0,,LONG,No,0,
BUY,DAL,247361702,Stock,"DELTA AIR LINES INC DEL COM ",04/16/2020,22.8114,0.09995,2.28,2.2847165,0,0,,LONG,No,0,
BUY,DAL,247361702,Stock,"DELTA AIR LINES INC DEL COM ",05/04/2020,22.4653,0.44513,10,10.3290871,0,0,,LONG,No,0,
BUY,DIS,254687106,Stock,"WALT DISNEY CO  ",12/04/2019,148.4806,0.72198,107.2,0,25.391627,0,,LONG,No,0,
BUY,DIS,254687106,Stock,"WALT DISNEY CO  ",03/06/2020,114.8317,0.21771,25,14.9824415,0,0,,LONG,No,0,
BUY,DIS,254687106,Stock,"WALT DISNEY CO  ",03/27/2020,98.4446,0.10158,10,8.655167,0,0,,LONG,No,0,
BUY,DIS,254687106,Stock,"WALT DISNEY CO  ",04/06/2020,97.4944,0.10257,10,8.8369805,0,0,,LONG,No,0,
BUY,DIS,254687106,Stock,"WALT DISNEY CO  ",04/13/2020,100.2707,0.19946,20,16.630829,0,0,,LONG,No,0,
BUY,DIS,254687106,Stock,"WALT DISNEY CO  ",04/22/2020,101.5882,0.29531,30,24.2336815,0,0,,LONG,No,0,
BUY,EMXC,46434G764,Stock,"ISHARES INC ISHARES MSCI EMERGING MARKETS EX CHINA ETF",01/13/2021,60.1504,1.33,80,0.8507,0,0,,LONG,No,0,
BUY,EMXC,46434G764,Stock,"ISHARES INC ISHARES MSCI EMERGING MARKETS EX CHINA ETF",01/19/2021,60.2101,0.55024,33.13,0.3190896,0,0,,LONG,No,0,
BUY,EMXC,46434G764,Stock,"ISHARES INC ISHARES MSCI EMERGING MARKETS EX CHINA ETF",01/21/2021,60.8828,0.15768,9.6,-0.0146328,0,0,,LONG,No,0,
BUY,EMXC,46434G764,Stock,"ISHARES INC ISHARES MSCI EMERGING MARKETS EX CHINA ETF",01/25/2021,59.9334,0.10812,6.48,0.0926148,0,0,,LONG,No,0,
BUY,EMXC,46434G764,Stock,"ISHARES INC ISHARES MSCI EMERGING MARKETS EX CHINA ETF",01/28/2021,58.5322,0.20194,11.82,0.4559326,0,0,,LONG,No,0,
BUY,EMXC,46434G764,Stock,"ISHARES INC ISHARES MSCI EMERGING MARKETS EX CHINA ETF",02/01/2021,58.0788,0.09005,5.23,0.2441395,0,0,,LONG,No,0,
BUY,EMXC,46434G764,Stock,"ISHARES INC ISHARES MSCI EMERGING MARKETS EX CHINA ETF",02/04/2021,59.1413,0.14068,8.32,0.2319372,0,0,,LONG,No,0,
BUY,EPR,26884U109,Stock,"EPR PROPERTIES COMMON SHARES OF BENEFICIAL INTEREST",05/01/2020,27.6102,0.72437,20,11.3434899,0,0,,LONG,No,0,
BUY,EPR,26884U109,Stock,"EPR PROPERTIES COMMON SHARES OF BENEFICIAL INTEREST",05/04/2020,27.2621,0.36681,10,5.8718687,0,0,,LONG,No,0,
BUY,EPR,26884U109,Stock,"EPR PROPERTIES COMMON SHARES OF BENEFICIAL INTEREST",10/05/2020,26.6507,0.25928,6.91,4.3090456,0,0,,LONG,No,0,
BUY,GLDM,98149E204,Other,"WORLD GOLD TRUST SPDR GOLD MINISHARES TRUST ",10/01/2020,18.9889,1.60936,30.56,-2.0099536,0,0,,LONG,No,0,
BUY,GLDM,98149E204,Other,"WORLD GOLD TRUST SPDR GOLD MINISHARES TRUST ",10/08/2020,18.9206,0.12526,2.37,-0.1478876,0,0,,LONG,No,0,
BUY,GLDM,98149E204,Other,"WORLD GOLD TRUST SPDR GOLD MINISHARES TRUST ",10/15/2020,18.8864,0.06142,1.16,-0.0704092,0,0,,LONG,No,0,
BUY,GLDM,98149E204,Other,"WORLD GOLD TRUST SPDR GOLD MINISHARES TRUST ",10/22/2020,18.9750,0.06166,1.17,-0.0761516,0,0,,LONG,No,0,
BUY,GLDM,98149E204,Other,"WORLD GOLD TRUST SPDR GOLD MINISHARES TRUST ",10/29/2020,18.5796,0.06674,1.24,-0.0560324,0,0,,LONG,No,0,
BUY,GLDM,98149E204,Other,"WORLD GOLD TRUST SPDR GOLD MINISHARES TRUST ",11/05/2020,19.2308,0.11388,2.19,-0.1697688,0,0,,LONG,No,0,
BUY,GLDM,98149E204,Other,"WORLD GOLD TRUST SPDR GOLD MINISHARES TRUST ",11/09/2020,18.6401,0.1706,3.18,-0.153556,0,0,,LONG,No,0,
BUY,GLDM,98149E204,Other,"WORLD GOLD TRUST SPDR GOLD MINISHARES TRUST ",11/18/2020,18.6890,1.32859,24.83,-1.2608134,0,0,,LONG,No,0,
BUY,GLDM,98149E204,Other,"WORLD GOLD TRUST SPDR GOLD MINISHARES TRUST ",12/24/2020,18.6350,0.7502,13.98,-0.671452,0,0,,LONG,No,0,
BUY,GLDM,98149E204,Other,"WORLD GOLD TRUST SPDR GOLD MINISHARES TRUST ",12/28/2020,18.8450,2.76625,52.13,-3.056725,0,0,,LONG,No,0,
BUY,GLDM,98149E204,Other,"WORLD GOLD TRUST SPDR GOLD MINISHARES TRUST ",01/04/2021,19.3401,1.45294,28.1,-2.3248444,0,0,,LONG,No,0,
BUY,GLDM,98149E204,Other,"WORLD GOLD TRUST SPDR GOLD MINISHARES TRUST ",01/07/2021,19.0189,4.32464,82.25,-5.5308864,0,0,,LONG,No,0,
BUY,GOOGL,02079K305,Stock,"ALPHABET INC CLASS A COMMON STOCK ",12/04/2019,1318.4068,0.04243,55.94,0,32.6882083,0,,LONG,No,0,
BUY,GOOGL,02079K305,Stock,"ALPHABET INC CLASS A COMMON STOCK ",12/12/2019,1354.1667,0.00096,1.3,0,0.7052576,0,,LONG,No,0,
BUY,GOOGL,02079K305,Stock,"ALPHABET INC CLASS A COMMON STOCK ",12/16/2019,1361.7021,0.00235,3.2,0,1.7087035,0,,LONG,No,0,
BUY,GOOGL,02079K305,Stock,"ALPHABET INC CLASS A COMMON STOCK ",03/27/2020,1112.4722,0.00898,9.99,8.7675138,0,0,,LONG,No,0,
BUY,HD,437076102,Stock,"HOME DEPOT INC  ",04/29/2020,221.7013,0.04479,9.93,2.5950756,0,0,,LONG,No,0,
BUY,IBM,459200101,Stock,"INTERNATIONAL BUSINESS MACHINES CORP ",12/04/2019,133.2716,0.55098,73.43,0,-7.8688898,0,,LONG,No,0,
BUY,IBM,459200101,Stock,"INTERNATIONAL BUSINESS MACHINES CORP ",12/17/2019,134.2163,0.06795,9.12,0,-1.0346295,0,,LONG,No,0,
BUY,INTC,458140100,Stock,"INTEL CORP  ",12/04/2019,56.1903,0.51112,28.72,0,3.4856712,0,,LONG,No,0,
BUY,INTC,458140100,Stock,"INTEL CORP  ",12/16/2019,58.3973,0.04692,2.74,0,0.2164292,0,,LONG,No,0,
BUY,INTC,458140100,Stock,"INTEL CORP  ",12/17/2019,57.6108,0.56604,32.61,0,3.0561804,0,,LONG,No,0,
BUY,INTC,458140100,Stock,"INTEL CORP  ",11/19/2020,45.1595,0.61161,27.62,10.9175461,0,0,,LONG,No,0,
BUY,INTC,458140100,Stock,"INTEL CORP  ",12/24/2020,46.4599,0.56694,26.34,9.3828894,0,0,,LONG,No,0,
BUY,IPOE,G8252P105,Stock,"***SOCIAL CAPITAL HEDOSOPHIA HOLDINGS CORP V CLASS A ORDINARY SHARES",01/13/2021,18.5878,4.0349,75,16.551881,0,0,,LONG,No,0,
BUY,JNJ,478160104,Stock,"JOHNSON & JOHNSON  ",12/04/2019,138.9243,0.69779,96.94,0,16.7858142,0,,LONG,No,0,
BUY,JPM,46625H100,Stock,"JPMORGAN CHASE & CO  ",12/04/2019,131.4609,0.33006,43.39,0,5.4654812,0,,LONG,No,0,
BUY,JPM,46625H100,Stock,"JPMORGAN CHASE & CO  ",03/27/2020,92.4751,0.03309,3.06,1.8379818,0,0,,LONG,No,0,
BUY,JPM,46625H100,Stock,"JPMORGAN CHASE & CO  ",04/01/2020,85.8127,0.03193,2.74,1.9862786,0,0,,LONG,No,0,
BUY,JPM,46625H100,Stock,"JPMORGAN CHASE & CO  ",04/06/2020,90.6015,0.0266,2.41,1.527332,0,0,,LONG,No,0,
BUY,JPM,46625H100,Stock,"JPMORGAN CHASE & CO  ",04/16/2020,88.2264,0.03321,2.93,1.9857442,0,0,,LONG,No,0,
BUY,JPM,46625H100,Stock,"JPMORGAN CHASE & CO  ",04/29/2020,97.5936,0.0748,7.3,3.771896,0,0,,LONG,No,0,
BUY,JPM,46625H100,Stock,"JPMORGAN CHASE & CO  ",07/02/2020,94.8032,0.22225,21.07,11.827445,0,0,,LONG,No,0,
BUY,JPM,46625H100,Stock,"JPMORGAN CHASE & CO  ",08/06/2020,97.1932,0.17707,17.21,8.9999014,0,0,,LONG,No,0,
BUY,JPM,46625H100,Stock,"JPMORGAN CHASE & CO  ",08/12/2020,105.8160,0.05141,5.44,2.1697082,0,0,,LONG,No,0,
BUY,JPM,46625H100,Stock,"JPMORGAN CHASE & CO  ",12/24/2020,124.0713,0.10768,13.36,2.5787936,0,0,,LONG,No,0,
BUY,MCD,580135101,Stock,"MCDONALDS CORP  ",04/13/2020,179.3829,0.08362,15,2.7475088,0,0,,LONG,No,0,
BUY,MO,02209S103,Stock,"ALTRIA GROUP INC  ",12/04/2019,49.9851,3.22096,161,0,-19.921952,0,,LONG,No,0,
BUY,MSFT,594918104,Stock,"MICROSOFT CORP  ",12/04/2019,149.5709,0.37407,55.95,0,34.1896479,0,,LONG,No,0,
BUY,MSFT,594918104,Stock,"MICROSOFT CORP  ",12/12/2019,153.0612,0.0098,1.5,0,0.861506,0,,LONG,No,0,
BUY,MSFT,594918104,Stock,"MICROSOFT CORP  ",12/16/2019,155.5164,0.01704,2.65,0,1.4561288,0,,LONG,No,0,
BUY,NVDA,67066G104,Stock,"NVIDIA CORP  ",12/04/2019,211.7410,0.33711,71.38,0,129.8948966,0,,LONG,No,0,
BUY,NVDA,67066G104,Stock,"NVIDIA CORP  ",12/16/2019,226.6824,0.04235,9.6,0,15.685491,0,,LONG,No,0,
BUY,NVDA,67066G104,Stock,"NVIDIA CORP  ",12/17/2019,228.2495,0.04793,10.94,0,17.6770858,0,,LONG,No,0,
BUY,NVDA,67066G104,Stock,"NVIDIA CORP  ",12/24/2020,523.6156,0.02456,12.86,1.8037936,0,0,,LONG,No,0,
BUY,O,756109104,Stock,"REALTY INCOME CORP  ",03/27/2020,57.9016,0.2297,13.3,0.732373,0,0,,LONG,No,0,
BUY,O,756109104,Stock,"REALTY INCOME CORP  ",03/31/2020,51.8422,0.16801,8.71,1.5537309,0,0,,LONG,No,0,
BUY,O,756109104,Stock,"REALTY INCOME CORP  ",04/06/2020,48.3512,0.20682,10,2.6346338,0,0,,LONG,No,0,
BUY,O,756109104,Stock,"REALTY INCOME CORP  ",04/16/2020,50.3323,0.22272,11.21,2.3959648,0,0,,LONG,No,0,
BUY,O,756109104,Stock,"REALTY INCOME CORP  ",04/17/2020,51.2952,0.19495,10,1.9094955,0,0,,LONG,No,0,
BUY,O,756109104,Stock,"REALTY INCOME CORP  ",04/20/2020,51.2663,0.39012,20,3.8324308,0,0,,LONG,No,0,
BUY,O,756109104,Stock,"REALTY INCOME CORP  ",04/22/2020,49.8952,0.20042,10,2.2436578,0,0,,LONG,No,0,
BUY,O,756109104,Stock,"REALTY INCOME CORP  ",05/04/2020,51.4218,0.19447,10,1.8801723,0,0,,LONG,No,0,
BUY,O,756109104,Stock,"REALTY INCOME CORP  ",10/05/2020,63.1567,0.08661,5.47,-0.1789951,0,0,,LONG,No,0,
BUY,PEP,713448108,Stock,"PEPSICO INC COMMON STOCK ",04/13/2020,131.4867,0.11408,15,0.1167408,0,0,,LONG,No,0,
BUY,PM,718172109,Stock,"PHILIP MORRIS INTERNATIONAL INC ",12/04/2019,82.4718,0.42851,35.34,0,1.2761795,0,,LONG,No,0,
BUY,SCHW,808513105,Stock,"CHARLES SCHWAB CORP NEW  ",12/04/2019,49.0105,0.88532,43.39,0,11.4201612,0,,LONG,No,0,
BUY,SCHW,808513105,Stock,"CHARLES SCHWAB CORP NEW  ",04/29/2020,37.9147,0.02743,1.04,0.6581913,0,0,,LONG,No,0,
BUY,SCHW,808513105,Stock,"CHARLES SCHWAB CORP NEW  ",07/02/2020,33.8906,0.48568,16.46,13.6084488,0,0,,LONG,No,0,
BUY,SCHW,808513105,Stock,"CHARLES SCHWAB CORP NEW  ",07/15/2020,35.0740,0.05132,1.8,1.3772212,0,0,,LONG,No,0,
BUY,SCHW,808513105,Stock,"CHARLES SCHWAB CORP NEW  ",08/06/2020,33.8506,0.33057,11.19,9.2755887,0,0,,LONG,No,0,
BUY,SCHW,808513105,Stock,"CHARLES SCHWAB CORP NEW  ",08/12/2020,35.8322,0.1454,5.21,3.791714,0,0,,LONG,No,0,
BUY,SIVR,003264108,Other,"ABERDEEN STANDARD SILVER ETF TR ABERDEEN STANDARD PHYSICAL SILVER SHARES ETF",10/01/2020,22.8790,1.06823,24.44,3.6224021,0,0,,LONG,No,0,
BUY,SIVR,003264108,Other,"ABERDEEN STANDARD SILVER ETF TR ABERDEEN STANDARD PHYSICAL SILVER SHARES ETF",10/08/2020,23.3457,0.05954,1.39,0.1741158,0,0,,LONG,No,0,
BUY,SIVR,003264108,Other,"ABERDEEN STANDARD SILVER ETF TR ABERDEEN STANDARD PHYSICAL SILVER SHARES ETF",10/15/2020,23.0312,0.05384,1.24,0.1743768,0,0,,LONG,No,0,
BUY,SIVR,003264108,Other,"ABERDEEN STANDARD SILVER ETF TR ABERDEEN STANDARD PHYSICAL SILVER SHARES ETF",10/29/2020,22.2508,0.10876,2.42,0.4371252,0,0,,LONG,No,0,
BUY,SIVR,003264108,Other,"ABERDEEN STANDARD SILVER ETF TR ABERDEEN STANDARD PHYSICAL SILVER SHARES ETF",11/09/2020,23.4015,0.10854,2.54,0.3113458,0,0,,LONG,No,0,
BUY,SIVR,003264108,Other,"ABERDEEN STANDARD SILVER ETF TR ABERDEEN STANDARD PHYSICAL SILVER SHARES ETF",11/18/2020,23.5801,0.84181,19.85,2.2643487,0,0,,LONG,No,0,
BUY,SIVR,003264108,Other,"ABERDEEN STANDARD SILVER ETF TR ABERDEEN STANDARD PHYSICAL SILVER SHARES ETF",12/24/2020,24.7094,0.19183,4.74,0.2993741,0,0,,LONG,No,0,
BUY,SIVR,003264108,Other,"ABERDEEN STANDARD SILVER ETF TR ABERDEEN STANDARD PHYSICAL SILVER SHARES ETF",12/28/2020,25.7101,1.44496,37.15,0.8090992,0,0,,LONG,No,0,
BUY,SIVR,003264108,Other,"ABERDEEN STANDARD SILVER ETF TR ABERDEEN STANDARD PHYSICAL SILVER SHARES ETF",01/04/2021,26.5952,0.77232,20.54,-0.2511536,0,0,,LONG,No,0,
BUY,SIVR,003264108,Other,"ABERDEEN STANDARD SILVER ETF TR ABERDEEN STANDARD PHYSICAL SILVER SHARES ETF",01/07/2021,26.0590,2.35389,61.34,0.4966903,0,0,,LONG,No,0,
BUY,SPG,828806109,Stock,"SIMON PROPERTY GROUP INC  ",12/04/2019,149.4302,0.95563,142.8,0,-38.2254091,0,,LONG,No,0,
BUY,SPG,828806109,Stock,"SIMON PROPERTY GROUP INC  ",12/09/2019,148.4586,0.14078,20.9,0,-5.4944446,0,,LONG,No,0,
BUY,SPG,828806109,Stock,"SIMON PROPERTY GROUP INC  ",04/16/2020,58.6931,0.11279,6.62,5.7226097,0,0,,LONG,No,0,
BUY,SPG,828806109,Stock,"SIMON PROPERTY GROUP INC  ",04/20/2020,54.4218,0.18375,10,10.1077625,0,0,,LONG,No,0,
BUY,SPG,828806109,Stock,"SIMON PROPERTY GROUP INC  ",04/22/2020,53.8503,0.09285,5,5.1605755,0,0,,LONG,No,0,
BUY,SPG,828806109,Stock,"SIMON PROPERTY GROUP INC  ",05/04/2020,62.6409,0.15964,10,7.4694052,0,0,,LONG,No,0,
BUY,SPG,828806109,Stock,"SIMON PROPERTY GROUP INC  ",10/05/2020,68.8033,0.11264,7.75,4.5761952,0,0,,LONG,No,0,
BUY,STOR,862121100,Stock,"STORE CAPITAL CORPORATION COM ",10/05/2020,28.6614,1.26965,36.39,4.899018,0,0,,LONG,No,0,
BUY,STOR,862121100,Stock,"STORE CAPITAL CORPORATION COM ",01/25/2021,32.2683,0.41155,13.28,0.103606,0,0,,LONG,No,0,
BUY,TROW,74144T108,Stock,"PRICE T ROWE GROUP INC  ",04/20/2020,101.4559,0.19713,20,12.0868501,0,0,,LONG,No,0,
BUY,TROW,74144T108,Stock,"PRICE T ROWE GROUP INC  ",04/22/2020,99.9272,0.12369,12.36,7.7730213,0,0,,LONG,No,0,
BUY,TROW,74144T108,Stock,"PRICE T ROWE GROUP INC  ",04/29/2020,115.5075,0.04069,4.7,1.9231113,0,0,,LONG,No,0,
BUY,TROW,74144T108,Stock,"PRICE T ROWE GROUP INC  ",05/04/2020,110.2779,0.09068,10,4.7599836,0,0,,LONG,No,0,
BUY,TROW,74144T108,Stock,"PRICE T ROWE GROUP INC  ",07/02/2020,125.3807,0.0394,4.94,1.473138,0,0,,LONG,No,0,
BUY,TROW,74144T108,Stock,"PRICE T ROWE GROUP INC  ",08/06/2020,138.7019,0.07426,10.3,1.7873002,0,0,,LONG,No,0,
BUY,TROW,74144T108,Stock,"PRICE T ROWE GROUP INC  ",08/12/2020,141.2661,0.01706,2.41,0.3668562,0,0,,LONG,No,0,
BUY,TROW,74144T108,Stock,"PRICE T ROWE GROUP INC  ",12/24/2020,148.1282,0.14825,21.96,2.1706525,0,0,,LONG,No,0,
BUY,TSLA,88160R101,Stock,"TESLA INC COMMON STOCK ",12/04/2019,67.0651,0.04518,3.03,0,32.269134,0,,LONG,No,0,
BUY,TSLA,88160R101,Stock,"TESLA INC COMMON STOCK ",07/14/2020,301.5348,0.0847,25.54,40.63611,0,0,,LONG,No,0,
BUY,TSM,874039100,Stock,"***TAIWAN SEMICONDUCTOR MFG CO LTD-SPONSORED ADR REPSTG 5 COM ",12/24/2020,106.1518,0.40395,42.88,12.323807,0,0,,LONG,No,0,
BUY,UNH,91324P102,Stock,"UNITEDHEALTH GROUP INC  ",12/04/2019,279.2395,0.05207,14.54,0,2.3608806,0,,LONG,No,0,
BUY,UNH,91324P102,Stock,"UNITEDHEALTH GROUP INC  ",12/17/2019,290.9853,0.02385,6.94,0,0.801233,0,,LONG,No,0,
BUY,V,92826C839,Stock,"VISA INC CL A COMMON STOCK ",12/04/2019,181.7017,0.14045,25.52,0,3.2343285,0,,LONG,No,0,
BUY,V,92826C839,Stock,"VISA INC CL A COMMON STOCK ",04/01/2020,156.7696,0.00421,0.66,0.2019133,0,0,,LONG,No,0,
BUY,V,92826C839,Stock,"VISA INC CL A COMMON STOCK ",04/06/2020,163.6205,0.01149,1.88,0.4723477,0,0,,LONG,No,0,
BUY,V,92826C839,Stock,"VISA INC CL A COMMON STOCK ",04/16/2020,161.8605,0.03225,5.22,1.3825425,0,0,,LONG,No,0,
BUY,V,92826C839,Stock,"VISA INC CL A COMMON STOCK ",04/20/2020,165.1119,0.12113,20,4.7989449,0,0,,LONG,No,0,
BUY,V,92826C839,Stock,"VISA INC CL A COMMON STOCK ",05/04/2020,174.9475,0.05716,10,1.7023668,0,0,,LONG,No,0,
BUY,V,92826C839,Stock,"VISA INC CL A COMMON STOCK ",07/02/2020,197.1176,0.04302,8.48,0.3274846,0,0,,LONG,No,0,
BUY,V,92826C839,Stock,"VISA INC CL A COMMON STOCK ",07/15/2020,196.8339,0.03348,6.59,0.2643604,0,0,,LONG,No,0,
BUY,V,92826C839,Stock,"VISA INC CL A COMMON STOCK ",08/06/2020,195.8119,0.08166,15.99,0.7282518,0,0,,LONG,No,0,
BUY,V,92826C839,Stock,"VISA INC CL A COMMON STOCK ",08/12/2020,199.1641,0.06221,12.39,0.3462533,0,0,,LONG,No,0,
BUY,V,92826C839,Stock,"VISA INC CL A COMMON STOCK ",12/24/2020,207.4461,0.15686,32.54,-0.4260522,0,0,,LONG,No,0,
BUY,VBR,922908611,Stock,"VANGUARD INDEX FUNDS SMALL-CAP VALUE ETF ",03/09/2020,108.7776,0.01857,2.02,0.9244592,0,0,,LONG,No,0,
BUY,VBR,922908611,Stock,"VANGUARD INDEX FUNDS SMALL-CAP VALUE ETF ",03/11/2020,105.2144,0.03241,3.41,1.7289296,0,0,,LONG,No,0,
BUY,VBR,922908611,Stock,"VANGUARD INDEX FUNDS SMALL-CAP VALUE ETF ",04/07/2020,91.7175,0.1147,10.52,7.666832,0,0,,LONG,No,0,
BUY,VBR,922908611,Stock,"VANGUARD INDEX FUNDS SMALL-CAP VALUE ETF ",04/13/2020,95.0119,0.2105,20,13.37688,0,0,,LONG,No,0,
BUY,VBR,922908611,Stock,"VANGUARD INDEX FUNDS SMALL-CAP VALUE ETF ",04/29/2020,102.1531,0.12726,13,7.1783456,0,0,,LONG,No,0,
BUY,VBR,922908611,Stock,"VANGUARD INDEX FUNDS SMALL-CAP VALUE ETF ",05/04/2020,96.4134,0.20744,20,12.8916864,0,0,,LONG,No,0,
BUY,VBR,922908611,Stock,"VANGUARD INDEX FUNDS SMALL-CAP VALUE ETF ",06/03/2020,110.7501,0.17544,19.43,8.3877664,0,0,,LONG,No,0,
BUY,VBR,922908611,Stock,"VANGUARD INDEX FUNDS SMALL-CAP VALUE ETF ",06/09/2020,117.2209,1.08496,127.18,44.8512576,0,0,,LONG,No,0,
BUY,VBR,922908611,Stock,"VANGUARD INDEX FUNDS SMALL-CAP VALUE ETF ",07/28/2020,110.6808,1.46132,161.74,69.9668992,0,0,,LONG,No,0,
BUY,VBR,922908611,Stock,"VANGUARD INDEX FUNDS SMALL-CAP VALUE ETF ",07/31/2020,110.5815,0.4196,46.4,20.131776,0,0,,LONG,No,0,
BUY,VBR,922908611,Stock,"VANGUARD INDEX FUNDS SMALL-CAP VALUE ETF ",08/03/2020,110.2522,0.17723,19.54,8.5615888,0,0,,LONG,No,0,
BUY,VBR,922908611,Stock,"VANGUARD INDEX FUNDS SMALL-CAP VALUE ETF ",08/12/2020,118.8607,0.1299,15.44,5.156944,0,0,,LONG,No,0,
BUY,VBR,922908611,Stock,"VANGUARD INDEX FUNDS SMALL-CAP VALUE ETF ",08/13/2020,117.2775,0.20217,23.71,8.3460752,0,0,,LONG,No,0,
BUY,VBR,922908611,Stock,"VANGUARD INDEX FUNDS SMALL-CAP VALUE ETF ",08/20/2020,114.6971,0.18684,21.43,8.1953504,0,0,,LONG,No,0,
BUY,VBR,922908611,Stock,"VANGUARD INDEX FUNDS SMALL-CAP VALUE ETF ",08/27/2020,116.1641,0.24078,27.97,10.2080768,0,0,,LONG,No,0,
BUY,VBR,922908611,Stock,"VANGUARD INDEX FUNDS SMALL-CAP VALUE ETF ",09/16/2020,114.7757,0.04548,5.22,1.9913088,0,0,,LONG,No,0,
BUY,VBR,922908611,Stock,"VANGUARD INDEX FUNDS SMALL-CAP VALUE ETF ",09/23/2020,111.5020,0.0739,8.24,3.477584,0,0,,LONG,No,0,
BUY,VBR,922908611,Stock,"VANGUARD INDEX FUNDS SMALL-CAP VALUE ETF ",10/05/2020,115.4580,0.02096,2.42,0.9034176,0,0,,LONG,No,0,
BUY,VBR,922908611,Stock,"VANGUARD INDEX FUNDS SMALL-CAP VALUE ETF ",10/08/2020,119.0808,0.0718,8.55,2.834608,0,0,,LONG,No,0,
BUY,VBR,922908611,Stock,"VANGUARD INDEX FUNDS SMALL-CAP VALUE ETF ",10/13/2020,119.6314,0.12154,14.54,4.7313824,0,0,,LONG,No,0,
BUY,VBR,922908611,Stock,"VANGUARD INDEX FUNDS SMALL-CAP VALUE ETF ",10/15/2020,117.3744,0.14884,17.47,6.1300704,0,0,,LONG,No,0,
BUY,VBR,922908611,Stock,"VANGUARD INDEX FUNDS SMALL-CAP VALUE ETF ",10/19/2020,119.9125,0.0457,5.48,1.766192,0,0,,LONG,No,0,
BUY,VBR,922908611,Stock,"VANGUARD INDEX FUNDS SMALL-CAP VALUE ETF ",10/22/2020,118.8699,0.15008,17.84,5.9566848,0,0,,LONG,No,0,
BUY,VBR,922908611,Stock,"VANGUARD INDEX FUNDS SMALL-CAP VALUE ETF ",10/26/2020,118.8026,0.03207,3.81,1.2750192,0,0,,LONG,No,0,
BUY,VBR,922908611,Stock,"VANGUARD INDEX FUNDS SMALL-CAP VALUE ETF ",10/29/2020,112.4945,0.36624,41.2,16.8710144,0,0,,LONG,No,0,
BUY,VBR,922908611,Stock,"VANGUARD INDEX FUNDS SMALL-CAP VALUE ETF ",11/02/2020,115.4542,0.02763,3.19,1.1910128,0,0,,LONG,No,0,
BUY,VBR,922908611,Stock,"VANGUARD INDEX FUNDS SMALL-CAP VALUE ETF ",11/05/2020,119.8003,0.22429,26.87,8.6934224,0,0,,LONG,No,0,
BUY,VEU,922042775,Stock,"VANGUARD INTL EQUITY IND FD FTSE ALL WORLD EX US FD ETF ",06/04/2020,48.4204,8.63933,418.32,119.8238657,0,0,,LONG,No,0,
BUY,VEU,922042775,Stock,"VANGUARD INTL EQUITY IND FD FTSE ALL WORLD EX US FD ETF ",06/12/2020,47.8001,1.2205,58.34,17.684945,0,0,,LONG,No,0,
BUY,VEU,922042775,Stock,"VANGUARD INTL EQUITY IND FD FTSE ALL WORLD EX US FD ETF ",06/25/2020,47.4804,1.23609,58.69,18.3060461,0,0,,LONG,No,0,
BUY,VEU,922042775,Stock,"VANGUARD INTL EQUITY IND FD FTSE ALL WORLD EX US FD ETF ",06/29/2020,47.4692,2.12243,100.75,31.4561647,0,0,,LONG,No,0,
BUY,VEU,922042775,Stock,"VANGUARD INTL EQUITY IND FD FTSE ALL WORLD EX US FD ETF ",07/10/2020,49.2302,1.21206,59.67,15.8292174,0,0,,LONG,No,0,
BUY,VEU,922042775,Stock,"VANGUARD INTL EQUITY IND FD FTSE ALL WORLD EX US FD ETF ",07/15/2020,50.2902,1.17518,59.1,14.1019622,0,0,,LONG,No,0,
BUY,VEU,922042775,Stock,"VANGUARD INTL EQUITY IND FD FTSE ALL WORLD EX US FD ETF ",07/20/2020,49.9904,1.19563,59.77,14.7057927,0,0,,LONG,No,0,
BUY,VEU,922042775,Stock,"VANGUARD INTL EQUITY IND FD FTSE ALL WORLD EX US FD ETF ",07/23/2020,50.4804,1.08042,54.54,12.7593618,0,0,,LONG,No,0,
BUY,VEU,922042775,Stock,"VANGUARD INTL EQUITY IND FD FTSE ALL WORLD EX US FD ETF ",07/30/2020,49.9904,1.14862,57.42,14.1275398,0,0,,LONG,No,0,
BUY,VEU,922042775,Stock,"VANGUARD INTL EQUITY IND FD FTSE ALL WORLD EX US FD ETF ",07/31/2020,49.9101,1.84652,92.16,22.8597308,0,0,,LONG,No,0,
BUY,VEU,922042775,Stock,"VANGUARD INTL EQUITY IND FD FTSE ALL WORLD EX US FD ETF ",08/03/2020,49.8804,0.80693,40.25,10.0136697,0,0,,LONG,No,0,
BUY,VEU,922042775,Stock,"VANGUARD INTL EQUITY IND FD FTSE ALL WORLD EX US FD ETF ",08/12/2020,51.6301,1.09781,56.68,11.7025849,0,0,,LONG,No,0,
BUY,VEU,922042775,Stock,"VANGUARD INTL EQUITY IND FD FTSE ALL WORLD EX US FD ETF ",08/13/2020,51.7190,0.67306,34.81,7.1149074,0,0,,LONG,No,0,
BUY,VEU,922042775,Stock,"VANGUARD INTL EQUITY IND FD FTSE ALL WORLD EX US FD ETF ",08/20/2020,50.8852,0.77665,39.52,8.8575285,0,0,,LONG,No,0,
BUY,VEU,922042775,Stock,"VANGUARD INTL EQUITY IND FD FTSE ALL WORLD EX US FD ETF ",08/27/2020,52.0705,0.66794,34.78,6.8259826,0,0,,LONG,No,0,
BUY,VEU,922042775,Stock,"VANGUARD INTL EQUITY IND FD FTSE ALL WORLD EX US FD ETF ",09/23/2020,50.4204,0.30682,15.47,3.6418178,0,0,,LONG,No,0,
BUY,VEU,922042775,Stock,"VANGUARD INTL EQUITY IND FD FTSE ALL WORLD EX US FD ETF ",10/05/2020,51.0883,0.55042,28.12,6.1656618,0,0,,LONG,No,0,
BUY,VEU,922042775,Stock,"VANGUARD INTL EQUITY IND FD FTSE ALL WORLD EX US FD ETF ",10/08/2020,51.7251,0.91213,47.18,9.6365777,0,0,,LONG,No,0,
BUY,VEU,922042775,Stock,"VANGUARD INTL EQUITY IND FD FTSE ALL WORLD EX US FD ETF ",10/13/2020,52.0304,0.50951,26.51,5.2273779,0,0,,LONG,No,0,
BUY,VEU,922042775,Stock,"VANGUARD INTL EQUITY IND FD FTSE ALL WORLD EX US FD ETF ",10/15/2020,51.0680,0.72237,36.89,8.1064273,0,0,,LONG,No,0,
BUY,VEU,922042775,Stock,"VANGUARD INTL EQUITY IND FD FTSE ALL WORLD EX US FD ETF ",10/19/2020,51.8052,0.33375,17.29,3.4992875,0,0,,LONG,No,0,
BUY,VEU,922042775,Stock,"VANGUARD INTL EQUITY IND FD FTSE ALL WORLD EX US FD ETF ",10/22/2020,51.5460,0.50615,26.09,5.4380835,0,0,,LONG,No,0,
BUY,VEU,922042775,Stock,"VANGUARD INTL EQUITY IND FD FTSE ALL WORLD EX US FD ETF ",10/26/2020,51.2883,0.57089,29.28,6.2807381,0,0,,LONG,No,0,
BUY,VEU,922042775,Stock,"VANGUARD INTL EQUITY IND FD FTSE ALL WORLD EX US FD ETF ",10/29/2020,49.3679,1.03063,50.88,13.3179427,0,0,,LONG,No,0,
BUY,VEU,922042775,Stock,"VANGUARD INTL EQUITY IND FD FTSE ALL WORLD EX US FD ETF ",11/02/2020,49.9454,0.47652,23.8,5.8824308,0,0,,LONG,No,0,
BUY,VEU,922042775,Stock,"VANGUARD INTL EQUITY IND FD FTSE ALL WORLD EX US FD ETF ",11/05/2020,52.8407,0.32721,17.29,3.0919109,0,0,,LONG,No,0,
BUY,VEU,922042775,Stock,"VANGUARD INTL EQUITY IND FD FTSE ALL WORLD EX US FD ETF ",11/09/2020,54.9279,0.22484,12.35,1.6552836,0,0,,LONG,No,0,
BUY,VFMV,921935409,Stock,"VANGUARD WELLINGTON FD U S MINIMUM VOLATILITY ETF ",06/08/2020,81.9002,1.30195,106.63,14.090579655,0,0,,LONG,No,0,
BUY,VFMV,921935409,Stock,"VANGUARD WELLINGTON FD U S MINIMUM VOLATILITY ETF ",06/09/2020,81.7605,1.51846,124.15,16.646014734,0,0,,LONG,No,0,
BUY,VFQY,921935706,Stock,"VANGUARD WELLINGTON FD U S QUALITY FACTOR ETF ",06/08/2020,84.2106,1.26623,106.63,31.946464446,0,0,,LONG,No,0,
BUY,VFQY,921935706,Stock,"VANGUARD WELLINGTON FD U S QUALITY FACTOR ETF ",07/31/2020,81.9487,0.03551,2.91,0.976221502,0,0,,LONG,No,0,
BUY,VFQY,921935706,Stock,"VANGUARD WELLINGTON FD U S QUALITY FACTOR ETF ",08/03/2020,82.1462,0.06318,5.19,1.724431836,0,0,,LONG,No,0,
BUY,VFQY,921935706,Stock,"VANGUARD WELLINGTON FD U S QUALITY FACTOR ETF ",08/12/2020,86.4705,0.07783,6.73,1.787730766,0,0,,LONG,No,0,
BUY,VFQY,921935706,Stock,"VANGUARD WELLINGTON FD U S QUALITY FACTOR ETF ",08/13/2020,86.1213,0.04633,3.99,1.080364466,0,0,,LONG,No,0,
BUY,VFQY,921935706,Stock,"VANGUARD WELLINGTON FD U S QUALITY FACTOR ETF ",08/20/2020,85.0340,0.03528,3,0.861050256,0,0,,LONG,No,0,
BUY,VFQY,921935706,Stock,"VANGUARD WELLINGTON FD U S QUALITY FACTOR ETF ",08/27/2020,86.5487,0.08423,7.29,1.928148046,0,0,,LONG,No,0,
BUY,VFQY,921935706,Stock,"VANGUARD WELLINGTON FD U S QUALITY FACTOR ETF ",09/16/2020,84.7272,0.03647,3.09,0.901284094,0,0,,LONG,No,0,
BUY,VFQY,921935706,Stock,"VANGUARD WELLINGTON FD U S QUALITY FACTOR ETF ",09/23/2020,82.4144,0.01723,1.42,0.465654646,0,0,,LONG,No,0,
BUY,VFQY,921935706,Stock,"VANGUARD WELLINGTON FD U S QUALITY FACTOR ETF ",10/05/2020,85.1697,0.01679,1.43,0.407500958,0,0,,LONG,No,0,
BUY,VFQY,921935706,Stock,"VANGUARD WELLINGTON FD U S QUALITY FACTOR ETF ",10/08/2020,87.7763,0.03076,2.7,0.666380552,0,0,,LONG,No,0,
BUY,VFQY,921935706,Stock,"VANGUARD WELLINGTON FD U S QUALITY FACTOR ETF ",10/15/2020,87.2711,0.06772,5.91,1.501290344,0,0,,LONG,No,0,
BUY,VFQY,921935706,Stock,"VANGUARD WELLINGTON FD U S QUALITY FACTOR ETF ",10/22/2020,87.6636,0.07871,6.9,1.714038142,0,0,,LONG,No,0,
BUY,VFQY,921935706,Stock,"VANGUARD WELLINGTON FD U S QUALITY FACTOR ETF ",10/29/2020,83.2004,0.12536,10.43,3.289423472,0,0,,LONG,No,0,
BUY,VFQY,921935706,Stock,"VANGUARD WELLINGTON FD U S QUALITY FACTOR ETF ",11/02/2020,84.6570,0.05729,4.85,1.419829058,0,0,,LONG,No,0,
BUY,VFQY,921935706,Stock,"VANGUARD WELLINGTON FD U S QUALITY FACTOR ETF ",11/05/2020,88.6251,0.05055,4.48,1.05220211,0,0,,LONG,No,0,
BUY,VFVA,921935805,Stock,"VANGUARD WELLINGTON FD U S VALUE FACTOR ETF ",06/08/2020,67.7702,4.1958,284.35,84.83508536,0,0,,LONG,No,0,
BUY,VFVA,921935805,Stock,"VANGUARD WELLINGTON FD U S VALUE FACTOR ETF ",06/09/2020,66.4501,2.75545,183.1,59.34984114,0,0,,LONG,No,0,
BUY,VFVA,921935805,Stock,"VANGUARD WELLINGTON FD U S VALUE FACTOR ETF ",08/03/2020,61.2220,0.24697,15.12,6.610692724,0,0,,LONG,No,0,
BUY,VFVA,921935805,Stock,"VANGUARD WELLINGTON FD U S VALUE FACTOR ETF ",08/12/2020,66.3462,0.33913,22.5,7.339777396,0,0,,LONG,No,0,
BUY,VFVA,921935805,Stock,"VANGUARD WELLINGTON FD U S VALUE FACTOR ETF ",08/13/2020,65.2311,0.22198,14.48,5.051842616,0,0,,LONG,No,0,
BUY,VFVA,921935805,Stock,"VANGUARD WELLINGTON FD U S VALUE FACTOR ETF ",08/20/2020,63.6167,0.35651,22.68,8.689029692,0,0,,LONG,No,0,
BUY,VFVA,921935805,Stock,"VANGUARD WELLINGTON FD U S VALUE FACTOR ETF ",08/27/2020,64.6410,0.55027,35.57,12.847817084,0,0,,LONG,No,0,
BUY,VFVA,921935805,Stock,"VANGUARD WELLINGTON FD U S VALUE FACTOR ETF ",09/16/2020,63.9878,0.04579,2.93,1.099025468,0,0,,LONG,No,0,
BUY,VFVA,921935805,Stock,"VANGUARD WELLINGTON FD U S VALUE FACTOR ETF ",09/23/2020,61.8870,0.17435,10.79,4.55091702,0,0,,LONG,No,0,
BUY,VFVA,921935805,Stock,"VANGUARD WELLINGTON FD U S VALUE FACTOR ETF ",10/05/2020,63.9692,0.02595,1.66,0.62331974,0,0,,LONG,No,0,
BUY,VFVA,921935805,Stock,"VANGUARD WELLINGTON FD U S VALUE FACTOR ETF ",10/08/2020,65.8613,0.1904,12.54,4.21314368,0,0,,LONG,No,0,
BUY,VFVA,921935805,Stock,"VANGUARD WELLINGTON FD U S VALUE FACTOR ETF ",10/13/2020,66.4316,0.08791,5.84,1.895130572,0,0,,LONG,No,0,
BUY,VFVA,921935805,Stock,"VANGUARD WELLINGTON FD U S VALUE FACTOR ETF ",10/15/2020,64.8523,0.20246,13.13,4.684293432,0,0,,LONG,No,0,
BUY,VFVA,921935805,Stock,"VANGUARD WELLINGTON FD U S VALUE FACTOR ETF ",10/19/2020,66.4873,0.20816,13.84,4.475831872,0,0,,LONG,No,0,
BUY,VFVA,921935805,Stock,"VANGUARD WELLINGTON FD U S VALUE FACTOR ETF ",10/22/2020,65.9562,0.27776,18.32,6.119880192,0,0,,LONG,No,0,
BUY,VFVA,921935805,Stock,"VANGUARD WELLINGTON FD U S VALUE FACTOR ETF ",10/29/2020,61.9600,0.79519,49.27,20.698131948,0,0,,LONG,No,0,
BUY,VFVA,921935805,Stock,"VANGUARD WELLINGTON FD U S VALUE FACTOR ETF ",11/05/2020,66.1503,0.49705,32.88,10.85503186,0,0,,LONG,No,0,
BUY,VNQ,922908553,Stock,"VANGUARD SPECIALIZED FUNDS VANGUARD REAL ESTATE ETF ",01/25/2021,85.8804,0.77934,66.93,2.3689128,0,0,,LONG,No,0,
BUY,VNQI,922042676,Stock,"VANGUARD GLOBAL EX US REAL ESTATE ETF ",01/25/2021,53.4449,1.87857,100.4,2.3389933,0,0,,LONG,No,0,
BUY,VPL,922042866,Stock,"VANGUARD INTERNATIONAL EQUITY INDEX FUNDS FTSE PACIFIC ETF ",12/21/2020,76.7400,6.21566,476.99,45.3740664,0,0,,LONG,No,0,
BUY,VPL,922042866,Stock,"VANGUARD INTERNATIONAL EQUITY INDEX FUNDS FTSE PACIFIC ETF ",01/07/2021,80.8251,0.30931,25,0.9944124,0,0,,LONG,No,0,
BUY,VPL,922042866,Stock,"VANGUARD INTERNATIONAL EQUITY INDEX FUNDS FTSE PACIFIC ETF ",01/19/2021,81.7910,0.41496,33.94,0.9332384,0,0,,LONG,No,0,
BUY,VPL,922042866,Stock,"VANGUARD INTERNATIONAL EQUITY INDEX FUNDS FTSE PACIFIC ETF ",01/21/2021,82.6103,0.58322,48.18,0.8338088,0,0,,LONG,No,0,
BUY,VPL,922042866,Stock,"VANGUARD INTERNATIONAL EQUITY INDEX FUNDS FTSE PACIFIC ETF ",01/25/2021,82.2909,0.33734,27.76,0.5900536,0,0,,LONG,No,0,
BUY,VPL,922042866,Stock,"VANGUARD INTERNATIONAL EQUITY INDEX FUNDS FTSE PACIFIC ETF ",01/28/2021,80.8788,0.64541,52.2,2.0402564,0,0,,LONG,No,0,
BUY,VPL,922042866,Stock,"VANGUARD INTERNATIONAL EQUITY INDEX FUNDS FTSE PACIFIC ETF ",02/01/2021,80.0315,0.34249,27.41,1.3728596,0,0,,LONG,No,0,
BUY,VPL,922042866,Stock,"VANGUARD INTERNATIONAL EQUITY INDEX FUNDS FTSE PACIFIC ETF ",02/04/2021,81.0164,0.58482,47.38,1.7682728,0,0,,LONG,No,0,
BUY,VT,922042742,Stock,"VANGUARD INTL EQUITY INDEX FD TOTAL WORLD STOCK INDEX ETF ",12/21/2020,90.3550,3.51934,317.99,27.2924474,0,0,,LONG,No,0,
BUY,VT,922042742,Stock,"VANGUARD INTL EQUITY INDEX FD TOTAL WORLD STOCK INDEX ETF ",01/07/2021,94.1725,0.2145,20.2,0.844595,0,0,,LONG,No,0,
BUY,VT,922042742,Stock,"VANGUARD INTL EQUITY INDEX FD TOTAL WORLD STOCK INDEX ETF ",01/19/2021,94.8532,0.25608,24.29,0.8340088,0,0,,LONG,No,0,
BUY,VT,922042742,Stock,"VANGUARD INTL EQUITY INDEX FD TOTAL WORLD STOCK INDEX ETF ",01/21/2021,96.1610,0.32092,30.86,0.6254612,0,0,,LONG,No,0,
BUY,VT,922042742,Stock,"VANGUARD INTL EQUITY INDEX FD TOTAL WORLD STOCK INDEX ETF ",01/25/2021,95.8423,0.19073,18.28,0.4325203,0,0,,LONG,No,0,
BUY,VT,922042742,Stock,"VANGUARD INTL EQUITY INDEX FD TOTAL WORLD STOCK INDEX ETF ",01/28/2021,94.1509,0.37493,35.3,1.4843823,0,0,,LONG,No,0,
BUY,VT,922042742,Stock,"VANGUARD INTL EQUITY INDEX FD TOTAL WORLD STOCK INDEX ETF ",02/01/2021,93.1542,0.18829,17.54,0.9331319,0,0,,LONG,No,0,
BUY,VT,922042742,Stock,"VANGUARD INTL EQUITY INDEX FD TOTAL WORLD STOCK INDEX ETF ",02/04/2021,95.4203,0.27447,26.19,0.7382517,0,0,,LONG,No,0,
BUY,VWO,922042858,Stock,"VANGUARD FTSE EMERGING MARKETS ETF FTSE EMERGING INDEX ",12/21/2020,48.8900,9.75639,476.99,69.9532234,0,0,,LONG,No,0,
BUY,VWO,922042858,Stock,"VANGUARD FTSE EMERGING MARKETS ETF FTSE EMERGING INDEX ",01/07/2021,51.1389,0.53384,27.3,2.6270704,0,0,,LONG,No,0,
BUY,VWOB,921946885,Stock,"VANGUARD EMERGING MARKETS GOVERNMENT BOND ETF ",01/19/2021,80.7611,0.46037,37.18,-0.4654925,0,0,,LONG,No,0,
BUY,WFC,949746101,Stock,"WELLS FARGO & CO  ",12/04/2019,52.9484,1.41534,74.94,0,-21.3976878,0,,LONG,No,0,
BUY,WFC,949746101,Stock,"WELLS FARGO & CO  ",03/27/2020,29.5604,0.15832,4.68,1.3092456,0,0,,LONG,No,0,
BUY,WFC,949746101,Stock,"WELLS FARGO & CO  ",04/01/2020,26.9303,0.16487,4.44,1.7970321,0,0,,LONG,No,0,
BUY,WFC,949746101,Stock,"WELLS FARGO & CO  ",04/06/2020,28.0303,0.132,3.7,1.29356,0,0,,LONG,No,0,
BUY,WFC,949746101,Stock,"WELLS FARGO & CO  ",04/16/2020,27.0400,0.16605,4.49,1.7916715,0,0,,LONG,No,0,
BUY,WFC,949746101,Stock,"WELLS FARGO & CO  ",04/29/2020,29.7100,0.28105,8.35,2.2821215,0,0,,LONG,No,0,
BUY,WFC,949746101,Stock,"WELLS FARGO & CO  ",05/04/2020,27.3314,0.18294,5,1.9206202,0,0,,LONG,No,0,
BUY,WFC,949746101,Stock,"WELLS FARGO & CO  ",07/02/2020,25.9303,0.60894,15.79,7.2462002,0,0,,LONG,No,0,
BUY,WFC,949746101,Stock,"WELLS FARGO & CO  ",07/15/2020,25.5202,0.33307,8.5,4.1000381,0,0,,LONG,No,0,
BUY,WFC,949746101,Stock,"WELLS FARGO & CO  ",08/06/2020,24.2302,0.78332,18.98,10.6529956,0,0,,LONG,No,0,
BUY,WFC,949746101,Stock,"WELLS FARGO & CO  ",08/12/2020,25.8890,0.29163,7.55,3.4823629,0,0,,LONG,No,0,
BUY,WFC,949746101,Stock,"WELLS FARGO & CO  ",12/24/2020,29.9395,0.56848,17.02,4.4855984,0,0,,LONG,No,0,
